"conversation_id_str","created_at","favorite_count","full_text","id_str","image_url","in_reply_to_screen_name","lang","location","quote_count","reply_count","retweet_count","tweet_url","user_id_str","username"
"1844982709946548469","Sun Oct 13 17:19:12 +0000 2024","0","@anggaimaginer @panditfootball 2013 nah lu maki tuh ketua PSSI sebelumnya pada kemana jangan lu sekarang teriak mau buru-buru seharusnya menurut gua udhah bersyukur dana ngepas TIMNAS (GRATIS) bagus dan lagi di benahi dengan duit 120M per tahun","1845514638575976908","","anggaimaginer","in","Yuexiu District, Yanjiang Midd","0","0","0","https://x.com/ctpLuXian/status/1845514638575976908","1160882210620112896","ctpLuXian"
"1845514308215861308","Sun Oct 13 17:19:04 +0000 2024","0","gue bilang udah gue ga suka timnas jangan chat gue lagi TAPI BOONG WKWKWKWKWK gue suka tp ga suka lo makanya jadi bocah jangan sok tau. mana freak bgt. cari topik gak gitu kali","1845514603645874400","","kantiiiiiiiiiii","in","","0","0","0","https://x.com/kantiiiiiiiiiii/status/1845514603645874400","1434377270341222405","kantiiiiiiiiiii"
"1845263769515196898","Sun Oct 13 17:18:12 +0000 2024","0","@Dia_Diagi @yogsadius @Barudakbolaa @seniman_bola Iya bner rafa ini bneran jadi kunci di permainan timnas makanya knp dia selalu masuk starting line up klo ga cedera","1845514384950591944","","Dia_Diagi","in","Bandung, Jawa Barat","0","0","0","https://x.com/azoeygeboy/status/1845514384950591944","1278884686257811456","azoeygeboy"
"1845126393090408810","Sun Oct 13 17:18:11 +0000 2024","0","@lampyriz @SvenKjellberg2 @Yudiilll Pada dasarnya setiap persatuan pasti menuntut satu kesamaan lu dukung timnas mau lu dari beragam ideologi apapun bebas selama punya satu kesamaan: sama2 dukung timnas. Tapi sekarang dukung timnas harus ngeritik rezim dulu baru dianggap pendukung timnas yang baik hehehe","1845514380785713292","","lampyriz","in","","0","0","0","https://x.com/kontolisation/status/1845514380785713292","1675304526906298368","kontolisation"
"1845514330860863998","Sun Oct 13 17:17:59 +0000 2024","1","Si botak berulah lagi gak mau disalahkan langsung kirim rudal IRAN GAK SIH link full video https://t.co/rtTinhmKJV Panas Guru Gembul Nurul Berani Timnas Indonesia Bahrain Wasit FIFA China #Timnasday #ZAAR @OdinSwap https://t.co/CpX67pQGdt","1845514330860863998","https://pbs.twimg.com/media/GZyVgMnaQAA-ImV.jpg","","in","","0","0","1","https://x.com/SUnmul87549/status/1845514330860863998","1814798604340764672","SUnmul87549"
"1845514308215861308","Sun Oct 13 17:17:55 +0000 2024","0","maksa maksa chat terus. karena bener bener annoying bocahnya. gue terpaksa bilang gitu karena dia terus terusan bahas timnas mana nyepam. IYA GUE SUKA TIMNAS TP GA SUKA SM LO KOCAG. mana ngajakin main trs. maaf gue aja males chatan sm lo kalo gue tega udh gue blok dari awal Ô∏è","1845514313622306866","","kantiiiiiiiiiii","in","","0","1","0","https://x.com/kantiiiiiiiiiii/status/1845514313622306866","1434377270341222405","kantiiiiiiiiiii"
"1845514308215861308","Sun Oct 13 17:17:53 +0000 2024","0","jadi inget momen kocag karena gue dideketin org yg bener2 masyaallah freak bgt trs bilang jude bellingham jelek katanya harry maguire lebih ganteng dsb (dia nyari topik guys). dia ganti topik nanyain suka timnas apa ga dan akhirnya gue jawab gue ga suka timnas biar dia ga","1845514308215861308","","","in","","0","1","0","https://x.com/kantiiiiiiiiiii/status/1845514308215861308","1434377270341222405","kantiiiiiiiiiii"
"1845438888019706179","Sun Oct 13 17:17:50 +0000 2024","0","@garagarabola_ Semoga peringkat dunia timnas sepak bola Indonesia bisa meningkat kayak timnas futsal kita (jika kita mengalahkan China besok)","1845514296203313162","","garagarabola_","in","Jawa Tengah, Indonesia","0","0","0","https://x.com/DecanioAkayla/status/1845514296203313162","1164928331143237633","DecanioAkayla"
"1845039722219127261","Sun Oct 13 17:17:36 +0000 2024","0","@dhemit_is_back TERNYATA PIHAK SANA YG MEMBUAT KEGADUHAN PADAHAL TIMNAS ITU UNTUK PERSATUAN KEMBALI PASCA PEMILU. EHH MALAH DI GORENG PIHAK YG KALAH PEMILU KWKWK","1845514237550231796","","dhemit_is_back","in","Indonesia","0","0","0","https://x.com/Anndy_10/status/1845514237550231796","477153000","Anndy_10"
"1845121544374153606","Sun Oct 13 17:17:18 +0000 2024","0","@forzakris Kasih paham Kris suporter timnas yg sekarang pada galak¬≤ kalo dikasih taunya","1845514160588890114","","forzakris","in","","0","0","0","https://x.com/AblenkOfficial/status/1845514160588890114","1220704666587058176","AblenkOfficial"
"1845513853393863164","Sun Oct 13 17:16:05 +0000 2024","0","Kita fans timnas ribut sama wasit Oman dan kecurangan Bahrain tapi ada segelintir orang Indonesia langsung memanipulasi kata giliran di curangin di sepak bola ribut giliran di curangi pilpres diem Tau kan kenapa mereka ribut karena yg di dukung mereka kalah sama Dari.?","1845513853393863164","","","in","Tebingtinggi, Indonesia","0","0","0","https://x.com/TTV_Random/status/1845513853393863164","1828446425904279552","TTV_Random"
"1845466088794095640","Sun Oct 13 17:16:01 +0000 2024","0","@garagarabola_ Halah suporter timnas fomo Ucap abang2 yang keren-keren dan paling kritis.","1845513838378283240","","garagarabola_","in","Somalia","0","0","0","https://x.com/eky_awan8/status/1845513838378283240","1160147150","eky_awan8"
"1845513742148083989","Sun Oct 13 17:15:38 +0000 2024","0","Timnas Polandia tumbang saat menjamu Portugal di UEFA Nations League. Robert Lewandowski mengecam performa rekan setimnya atas kekalahan tersebut. https://t.co/dZ4gXUQ4JA","1845513742148083989","","","in","","0","0","0","https://x.com/detikcom/status/1845513742148083989","69183155","detikcom"
"1845513686569697780","Sun Oct 13 17:15:25 +0000 2024","0","Harganya bikin nangis ","1845513686569697780","","","in","Jakarta Capital Region","0","0","0","https://x.com/polisiolahraga/status/1845513686569697780","2459065278","polisiolahraga"
"1845513618659635709","Sun Oct 13 17:15:09 +0000 2024","0","Timnas Indonesia U-17 Dihantui Satu Kelemahan Jelang Kualifikasi Piala Asia U-17 2025 https://t.co/XlTpBeesN7","1845513618659635709","","","in","iNews Tower","0","0","0","https://x.com/officialinews_/status/1845513618659635709","132078023","officialinews_"
"1845435874026324352","Sun Oct 13 17:14:10 +0000 2024","0","@nvnpras Merayakan timnas masuk pildun mas ","1845513370805645735","","nvnpras","in","Indonesia","0","0","0","https://x.com/FNKN17_/status/1845513370805645735","346625105","FNKN17_"
"1845462395621343675","Sun Oct 13 17:13:46 +0000 2024","0","@liskiataumi @Lenyapbentar @rafly74541 @faz_hrp @zenrs Terussss gara gara babaturan SIA hiji nu te resep ka timnas jadi kabeh bobotoh di cap te resep timnas.??? KADIEU CING DEKET A CUUHHHH ANJ ","1845513269865525462","","liskiataumi","in","","0","0","0","https://x.com/Bandung0213/status/1845513269865525462","1161863478799290368","Bandung0213"
"1845513220783792519","Sun Oct 13 17:13:34 +0000 2024","0","3 Pemain China yang Pernah Jejakkan Kaki di Eropa: Bisa Jadi Ancaman untuk Timnas Indonesia https://t.co/36kb7DxPg2 #Bola","1845513220783792519","","","in","Jakarta","0","0","0","https://x.com/liputan6dotcom/status/1845513220783792519","47596019","liputan6dotcom"
"1845495091601047658","Sun Oct 13 17:13:29 +0000 2024","0","@gomdeukie16 Timnas kita lagi seksi banget gom. Wajar ‚Äç‚ÜîÔ∏è‚Äç‚ÜîÔ∏è‚Äç‚ÜîÔ∏è‚Äç‚ÜîÔ∏è‚Äç‚ÜîÔ∏è","1845513201477353818","","gomdeukie16","in","","0","0","0","https://x.com/heeyima/status/1845513201477353818","163149784","heeyima"
"1845107066932953409","Sun Oct 13 17:13:25 +0000 2024","0","@yogapbw @KemenperinRI Wkwkwkw ngedukung timnas dibilang pro mulyono ","1845513185249640611","","yogapbw","in","","0","0","0","https://x.com/ojet629/status/1845513185249640611","1466819431124770816","ojet629"
"1845504518462828823","Sun Oct 13 17:01:41 +0000 2024","0","@sovissuh Timnas kan?","1845510229720727917","","sovissuh","in","jenren, noren","0","1","0","https://x.com/flowwinaa/status/1845510229720727917","1344627565495873538","flowwinaa"
"1845510087617716386","Sun Oct 13 17:01:07 +0000 2024","0","Jadi sebelah gue ada 4 orang ngomongin timnas lawan bahraincok kemarin sama timnas futsal lawan malaysia. Seneng sih dengernya. Cuma aku malah ngekek gegara dia kek orang baru seneng timnas ibarat kayak fomo gitu. Lucuuu banget wkwkwk","1845510087617716386","","","in","","0","0","0","https://x.com/xiexieytta/status/1845510087617716386","1613777778360610816","xiexieytta"
"1845486262775578795","Sun Oct 13 17:00:06 +0000 2024","0","@mrdzputra makasih mas raka gini terus ya mas siarin via yutub timnas futsalnya","1845509831945515201","","mrdzputra","in","tangerang","0","0","0","https://x.com/kepalsuan_/status/1845509831945515201","2149974566","kepalsuan_"
"1845509821585666466","Sun Oct 13 17:00:04 +0000 2024","0","INDAR TIKTOKER KEMBALI VIRAL DENGAN KOLEKSINYA! https://t.co/dsFkkyeDLB https://t.co/qEsmo5otke https://t.co/S5WrTfVEvG https://t.co/Pw3Bxdy9Ij https://t.co/k3zX2pRxdt #vcsbugill Guru Gembul Panas Timnas Malam Besok Senin Tidur Rebahan One Piece #viralvideo Nurul","1845509821585666466","","","in","Miri","0","1","0","https://x.com/doodrevenge/status/1845509821585666466","1488836796951765000","doodrevenge"
"1845005761535148331","Sun Oct 13 16:59:33 +0000 2024","0","@KevinDiks_ welcome bro i hope u are happy here. siap siap nanti diospek sama bg es krim ketua osis timnas wkwk","1845509691646120351","","KevinDiks_","in","","0","0","0","https://x.com/RicaRica27/status/1845509691646120351","1800509425100451841","RicaRica27"
"1845509202195976578","Sun Oct 13 16:57:36 +0000 2024","0","Timnas yang sangat apahhh","1845509202195976578","","","in","","0","0","0","https://x.com/princealiiii_/status/1845509202195976578","1502313414613671940","princealiiii_"
"1845132801084956837","Sun Oct 13 16:57:27 +0000 2024","0","@Raka65323599 @harshgupta372 @nocontextfooty Bukan karena disanksi FIFA dan memainkan pemain divisi 2. Tapi karena konflik internal PSSI yang menimbulkan dualisme kepengurusan dan dualisme liga. Pemain ISL dilarang oleh klubnya untuk membela timnas.","1845509163264442856","","Raka65323599","in","Jogja","0","0","0","https://x.com/HILARlO/status/1845509163264442856","82550378","HILARlO"
"1845431881870745866","Sun Oct 13 16:56:48 +0000 2024","0","@TimnasIndonesia makanan orang eropa ni cuaca dingin yg mau liat prime nya timnas besok selasa","1845509001926291807","","TimnasIndonesia","in","Utrecht, The Netherlands","0","0","0","https://x.com/KingMamox/status/1845509001926291807","1196433792224780288","KingMamox"
"1845508988945015072","Sun Oct 13 16:56:45 +0000 2024","0","orang-orang mah nonton timnas gegara tau pemerintahannya Fucked up. itu hiburan buat masyarakat. kok ya masih ada orang yang nyambungin timnas sama politik","1845508988945015072","","","in","rps","0","0","0","https://x.com/intersteyllar/status/1845508988945015072","1246391897989373958","intersteyllar"
"1845150403224272930","Sun Oct 13 16:56:34 +0000 2024","0","@PartaiSocmed dan rata2 mereka gapaham bola dan gatau maksud dr fans timnas kita tuh apa (bola non politik) dibilangnya pendukung fufufafa trs mendiskreditkan fans bola tu otaknya agak2 kn anjing","1845508941826154566","","PartaiSocmed","in","Indonesia","0","0","0","https://x.com/papifootball/status/1845508941826154566","1691712911641812992","papifootball"
"1844984305350738158","Sun Oct 13 16:55:59 +0000 2024","0","@vizharra @oivasdominic Bisakah kita bikin itu batal hanya dengan ngetwit sana sini? Peduli gak peduli soal timnas atau soal ppn ppn tetep bakal naik kan? Terus fungsi lu bikin campaign adu domba dengan menunggangi timnas itu apa fungsinya?? Hal Kaya gini bikin capres lu kalah 1 putaran kemaren ","1845508794870382770","","vizharra","in","Jakarta Barat, DKI Jakarta","0","0","0","https://x.com/Rizkimujin/status/1845508794870382770","932969733254651912","Rizkimujin"
"1845508632219451574","Sun Oct 13 16:55:20 +0000 2024","0","panjang umur buat mimin kita bersuara bukan soal semata timnas atau sepak bola bisa dilihat seluruh dunia tapi nyawa keadilan kenyamanan menikmati hiburan tanpa rasa khawatir sedikit pun itu lebih penting ","1845508632219451574","","","in","tangerang","0","0","0","https://x.com/kepalsuan_/status/1845508632219451574","2149974566","kepalsuan_"
"1845508579916431363","Sun Oct 13 16:55:08 +0000 2024","1","Timnas Indonesia vs Bahrain jadi bahan lelucon seluruh dunia https://t.co/gpddXHJQIp","1845508579916431363","https://pbs.twimg.com/ext_tw_video_thumb/1845508533812633600/pu/img/edYYvw_4XHmba6A3.jpg","","in","","0","0","1","https://x.com/Mas_udiien/status/1845508579916431363","74334784","Mas_udiien"
"1845508510899212796","Sun Oct 13 16:54:51 +0000 2024","0","gini rasanya punya timnas jago","1845508510899212796","","","in","moon","0","0","0","https://x.com/_forjourney/status/1845508510899212796","1229057732604383232","_forjourney"
"1845090319827861776","Sun Oct 13 16:54:42 +0000 2024","0","@Eki128_7 @jusahourly Karena jadi pemersatu bangsa sekarang di adu domba lagi biar seakan akan yg dukung timnas dukung juga kebobrokan pemerintah","1845508473532158142","","Eki128_7","in","Bogor, Jawa Barat","0","0","0","https://x.com/aguz_____/status/1845508473532158142","1293844947536187392","aguz_____"
"1845454992578314739","Sun Oct 13 16:53:37 +0000 2024","2","@0PSH8 seru banget kalo adalagi plis posting kak seru bacanya. sekeren ini sekarang timnas kita","1845508200042488145","","0PSH8","in","DKI Jakarta, Indonesia","0","0","0","https://x.com/rainafildette/status/1845508200042488145","3116428584","rainafildette"
"1845508089459695740","Sun Oct 13 16:53:11 +0000 2024","0","hiburan gue cm timnas doang skrg huft kapan aku dirayakan","1845508089459695740","","","in","","0","0","0","https://x.com/sygsapa/status/1845508089459695740","1092261716363104257","sygsapa"
"1845428649216049571","Sun Oct 13 16:52:23 +0000 2024","0","@puiruii Sebanyak ini ya tapi gatau kenapa di era saat ini kaya nggak keliatan nyata gitu kalau emg bisa nyampe 2 jt org belanda ada darah indo... Aku baru tau sebanyak itu ya krn naturalisasi timnas ini","1845507890620379247","","puiruii","in","","0","0","0","https://x.com/13_sserafim/status/1845507890620379247","1413506765002448898","13_sserafim"
"1845384116235092195","Sun Oct 13 16:52:20 +0000 2024","0","@Riyan4888171 @SiaranBolaLive Bener masih bisa ngelahirin bibit monster kalau saja dulu gaada konflik dan pembinaan semua timnas usia senior sampe u8 kita mah bisa jadi jepang melebihi jepang karena kita bangsa besar","1845507876414243282","","Riyan4888171","in","Sumatera Utara, Indonesia","0","1","0","https://x.com/calphejh/status/1845507876414243282","1298682299412750337","calphejh"
"1845179538256560136","Sun Oct 13 16:52:12 +0000 2024","1","@wepe20_ Harus muntah dulu paling ya? Wkwkw gtw deh. Tapi intinya didengar ya sukur gak pun jg gk sedih. Cuma mengingatkan sekalipun timnas lagi perform dan ada perasaan tidak adil krn dicurang wasit masih ada jg lho orang lain yg merasa tidak adil &amp; dicurangi oleh PSSI. ","1845507842402660821","","wepe20_","in","Titik Konflik","0","1","1","https://x.com/tribunmelawan/status/1845507842402660821","1582978151247843328","tribunmelawan"
"1845507818067284385","Sun Oct 13 16:52:06 +0000 2024","2","Giliran Janda Main Sama Pak RT! https://t.co/MfVUR3GlL0 https://t.co/TGDx3N5sYP https://t.co/mOaEqMTQX9 #vcsbugill Guru Gembul Panas Timnas Malam Besok Senin Tidur Rebahan One Piece #viralvideo","1845507818067284385","","","in","Jakarta Capital Region","0","3","1","https://x.com/Perairansubur/status/1845507818067284385","391303843","Perairansubur"
"1845335559218266265","Sun Oct 13 16:51:49 +0000 2024","0","@Simplyourhappy @ZoneVenomWar Dari dulu timnas jeblok tetep banyak yg nonton cuy ga usah khawatir sama pedagang kecil. Yg perlu khawatirkan itu pendukungnya gampang terprovokasi. Ribut. Jadi dilarang ada penonton. Nah pedagang di situ siapa yg beli.","1845507748739571779","","Simplyourhappy","in","","0","0","0","https://x.com/emhafizh_/status/1845507748739571779","588064799","emhafizh_"
"1845335559218266265","Sun Oct 13 16:51:49 +0000 2024","0","@Amazer_01 @ZoneVenomWar Dari tempo yg bilang timnas di curangin berisik knpa pas kasus capres di MK diem padahal berisik juga waktu kasus MK emang mau di bikin musuhan aja antara rakyat","1845507746315317711","","Amazer_01","in","Bogor, Jawa Barat","0","0","0","https://x.com/aguz_____/status/1845507746315317711","1293844947536187392","aguz_____"
"1845065542723568097","Sun Oct 13 16:51:20 +0000 2024","0","@hasyimmah @MuhadklyAcho Tp orangnya ttp mencurigakan tiba tiba tweet lg komenin timnas bilang gatau timnas main kaya sengaja mancing","1845507624340734354","","hasyimmah","in","DKI Jakarta-Bandung","0","0","0","https://x.com/naufaluthfan/status/1845507624340734354","67534913","naufaluthfan"
"1845463104936869946","Sun Oct 13 16:50:44 +0000 2024","0","@smartfrenworld Enggak akan pernah lupa untuk nonton Timnas kapan pun jam mainnya Karena bisa streaming menggunakan kuota smartfren yang unlimited enggak perlu panik sampai keluar pun kuotanya tetap ada","1845507476382490989","","smartfrenworld","in","","0","1","0","https://x.com/viragazky/status/1845507476382490989","1755144844903636992","viragazky"
"1845075681291448402","Sun Oct 13 16:50:16 +0000 2024","0","@ahmadsyahrul_03 @hypergengsi @rafizfrn Betul bang gua udah muak banget sama politik kontol gini saat gua dukung timnas gua mau lepaskan semua atribut dukungan politik gua berharap jadi satu semua sama yang lain termasuk Abang yang beda pandangan politik sama gua tapi jadinya polarisasi gini kontol betul mereka.","1845507356110868625","","ahmadsyahrul_03","in","","0","0","0","https://x.com/kontolisation/status/1845507356110868625","1675304526906298368","kontolisation"
"1845507308597694619","Sun Oct 13 16:50:04 +0000 2024","0","Karena Lekir sudah sangat desperate dengan timnas Malaysia yg jelek ","1845507308597694619","","","in","Johore, Malaysia","0","0","0","https://x.com/Domdcc/status/1845507308597694619","273339254","Domdcc"
"1845080046136103096","Sun Oct 13 16:50:02 +0000 2024","0","@BebySoSweet 10 tahun menderita karena elo goblok orang normal mah 10 tahun biasa biasa aja bawa2 timnas LG pasti pihak kalah pemilu ini!","1845507297369632859","","BebySoSweet","in","Belize","0","0","0","https://x.com/MazaZhang/status/1845507297369632859","2397509563","MazaZhang"
"1845335559218266265","Sun Oct 13 16:48:31 +0000 2024","0","@ZoneVenomWar timnas emg bagus dan harus diapresiasi. tapi dijadiin bahan buat nge buzzer tll dengan analogi yg tolol jadi bikin jelek citranya. nge buzzer gausah bawa bawa bola biarkan bola maju sepakbola tidak perlu buzzer sampah","1845506918594564239","","ZoneVenomWar","in","Cipanas","0","0","0","https://x.com/Jinaka10/status/1845506918594564239","1265370311697895424","Jinaka10"
"1845462395621343675","Sun Oct 13 16:48:26 +0000 2024","1","@hidayatanggie @Hirataisme2 @zenrs Catet zen rs dan andreas marbun satu sirkel dgn towel dlm mnurunkan nurdin halid dan tau gak stelah nurdin turun LPI masuk PSSI Timnas justru tambah parah dan berujung diban Skali lg zenrs andreas marbun dan towel 3 org paling brtanggung jwab atas trpuruknya PSSI dimasa LPI","1845506897518231604","","hidayatanggie","in","+62 region","0","0","0","https://x.com/IbnuNasir8/status/1845506897518231604","1108244995318771712","IbnuNasir8"
"1845335559218266265","Sun Oct 13 16:48:26 +0000 2024","0","@FahzaSal @ZoneVenomWar @iTeam_P4 Ya gitu sekarang yg dukung timnas di bilang pemuja pemerintahan yg sekarang","1845506894829592956","","FahzaSal","in","Bogor, Jawa Barat","0","0","0","https://x.com/aguz_____/status/1845506894829592956","1293844947536187392","aguz_____"
"1845075176184217715","Sun Oct 13 16:44:05 +0000 2024","1","@0PSH8 bener sih kalau dilihat bek timnas indonesia Dan Korea dari level kompetisi bagusan timnas indonesia karena kebanyakna bek Korea dari Liga lokal Dan Liga underrated yang paling bagus paling kim min jae dari bayern","1845505803136147757","","0PSH8","in","","0","0","0","https://x.com/cahaya29_cahaya/status/1845505803136147757","1572484717202796546","cahaya29_cahaya"
"1845462395621343675","Sun Oct 13 16:44:03 +0000 2024","0","@liskiataumi @faz_hrp @zenrs emang indonesia punya timnas senior?.......yg ada club hindia belanda timnas ko kaya club transfer pemain dari luar...wkwkwk","1845505792260382852","","liskiataumi","in","","0","0","0","https://x.com/NaufalAuli84409/status/1845505792260382852","1692541155932790784","NaufalAuli84409"
"1845063008906772624","Sun Oct 13 16:43:59 +0000 2024","0","@idextratime Insya Allah harapan peluang Timnas lolos masih ada Do'a terbaik untuk Timnas üáÆüá© ","1845505775965479391","","idextratime","in","","0","0","0","https://x.com/hinata_hyugaa10/status/1845505775965479391","1110168280449208320","hinata_hyugaa10"
"1845075681291448402","Sun Oct 13 16:43:51 +0000 2024","0","@PengabdiTantan @rafizfrn Gak cukup mereka kotakin kotakin orang dipolitik sekarang mau ngado domba para pendukung timnas untuk muasin ego mereka aja.","1845505741077319978","","PengabdiTantan","in","","0","0","0","https://x.com/kontolisation/status/1845505741077319978","1675304526906298368","kontolisation"
"1845322327195853199","Sun Oct 13 16:43:42 +0000 2024","0","@Jus10Hendricks @kontolisation @MuhadklyAcho @hasyimmah terkait twit sy tsb saya mohon maaf. Sy tdk ada mksd utk menyinggung kejadian terkait timnas Indonesia. Sesimpel itu loh. Org¬≤ jg akan memaklumi kalau dia ngomongny begitu. Ini malah sibuk buat alibi sana sini tp alibinya ga kuat. Paham ora? Kalau ga paham jg yoweslah.","1845505706436464664","","pahala10sitorus","in","Riau, Indonesia","0","0","0","https://x.com/pahala10sitorus/status/1845505706436464664","98857589","pahala10sitorus"
"1845485996688957643","Sun Oct 13 16:43:40 +0000 2024","0","@unmagnetism timnas futsal ranking di dunia nya bagus un","1845505696009539668","","unmagnetism","in","","0","0","0","https://x.com/liamyamal/status/1845505696009539668","1698400505117237248","liamyamal"
"1845462395621343675","Sun Oct 13 16:43:37 +0000 2024","0","@zenrs Ieu om mun pamaen timnas geus karolot ek saha penerusna.","1845505682642251994","","zenrs","in","Dimana weh da dunyateh lega.","0","0","0","https://x.com/Uus_Garut/status/1845505682642251994","2904931338","Uus_Garut"
"1845505660336955718","Sun Oct 13 16:43:31 +0000 2024","0","Tolong kasih kata-kata untuk mute segala hal tentang timnas dan sempak bola indon","1845505660336955718","","","in","","0","0","0","https://x.com/ravonnarenss/status/1845505660336955718","1640954898232774657","ravonnarenss"
"1845024425164538158","Sun Oct 13 16:43:26 +0000 2024","1","@v_frontline_pc TIMNAS PERSIB GAUSAH IKUT2 AN SAMPAH KALIAN","1845505638698549510","","v_frontline_pc","in","","0","0","0","https://x.com/Mobile75909/status/1845505638698549510","1699768457645158400","Mobile75909"
"1845441882366591387","Sun Oct 13 16:42:50 +0000 2024","0","@labiebsadat Prestasi couch justin apa yah selama dia ngelatih timnas futsal selain maki2 pemain ??","1845505487724560569","","labiebsadat","in","","0","0","0","https://x.com/RidzkiHidayat1/status/1845505487724560569","1450872994352353280","RidzkiHidayat1"
"1845505474265038989","Sun Oct 13 16:42:47 +0000 2024","0","KATANYA BELAJAR TAPI KOK KELEPASAN! https://t.co/hbGmzGnshM https://t.co/M8ybZhnd8G https://t.co/PXb1OW7cPf #vcsbugill Guru Gembul Panas Timnas Malam Besok Senin Tidur Rebahan One Piece #viralvideo","1845505474265038989","","","in","","0","0","0","https://x.com/PedroGarcia_Gon/status/1845505474265038989","876825931054276609","PedroGarcia_Gon"
"1845505458599239765","Sun Oct 13 16:42:43 +0000 2024","0","Bukan anak abah masih anak bapak gw sendiri tapi ikut juga dukung timnas. Ikut juga suarain lawan rezim padahal sampe detik ini gw juga percaya kalo gak seburuk itu rezim yg sekarang. Lu orang aja pada sakit mau di adu domba.","1845505458599239765","","","in","","0","0","0","https://x.com/Osv17/status/1845505458599239765","217968966","Osv17"
"1845505310691344488","Sun Oct 13 16:42:08 +0000 2024","0","Terlalu sibuk ngurusin timnas Indonesia sampai lupa timnas ke banggaan nya di bantai Jangan di siram air keras lagi pemain timnas nya #Futsal #Malaysia https://t.co/oFwsQm6K9I","1845505310691344488","https://pbs.twimg.com/media/GZyNTKfagAAFHRy.jpg","","in","","0","0","0","https://x.com/Andi93257637361/status/1845505310691344488","1684951878881382400","Andi93257637361"
"1845322280504873083","Sun Oct 13 16:41:56 +0000 2024","0","@bbelino_ @noeluhuyyy22 kaga sih. ini udah common knowledge disono kalo atlit timnas bola apalagi yg cowo tuh yg paling sering dihina noh pingpong kalah dihina dikit tapi sisanya dipukpuk kyk ywdla gpp.","1845505259931881757","","bbelino_","in","Physically in Hangzhou ","0","0","0","https://x.com/Shinsstudio/status/1845505259931881757","143699759","Shinsstudio"
"1845505172027650479","Sun Oct 13 16:41:35 +0000 2024","0","Alasan lain kita harus bertahan hidup ya ges. Masa iya u gamau liat timnas kita jadi perbincangan dunia???","1845505172027650479","","","in","","1","0","0","https://x.com/teehswolf/status/1845505172027650479","1247389077902524416","teehswolf"
"1845322327195853199","Sun Oct 13 16:41:31 +0000 2024","0","@Jus10Hendricks @kontolisation @MuhadklyAcho @hasyimmah timnasnya dicurangi jd nggak menang. Wajar reaksi org¬≤ begitu. Yg ga wajar adl reaksi si Acho. Setelah kejadian tsb lebih bijaknya dia bilang Twit sy td bukan ada kaitanny dgn timnas tp terkait ke kejadian yg sy lihat td bla bla bla.. Meskipun begitu apabila ada salah paham","1845505153442660848","","pahala10sitorus","in","Riau, Indonesia","0","1","0","https://x.com/pahala10sitorus/status/1845505153442660848","98857589","pahala10sitorus"
"1845505046194348252","Sun Oct 13 16:41:05 +0000 2024","0","Oh ini twit yg lagi digiring ke sana ke mari. Gw sih anggep lucu aja. Kalau emang arahnya ke timnas dan jokowi ya sudah gpp kalau ternyata enggak ya udah gpp juga. Org yg maksain asumsinya ke org lain dan harus percaya asumsinya fakta itu yg agak laen ","1845505046194348252","","","in","","0","0","0","https://x.com/reagandoang/status/1845505046194348252","1117632463277191168","reagandoang"
"1845075681291448402","Sun Oct 13 16:41:04 +0000 2024","0","@galih_tatak @rafizfrn Mangkanya jangan buat analogi yang sifatnya pecah belah kotak kotakin pendukung timnas semua orang bebas dukung timnas gak ada pembeda bedaan dan sindir sindiran dari dulu lu mau 01/02/03 gak ada perlu dibeda bedakan.disindir sindir ngapain begitu ?","1845505042541121584","","galih_tatak","in","","0","0","0","https://x.com/kontolisation/status/1845505042541121584","1675304526906298368","kontolisation"
"1845504942024626299","Sun Oct 13 16:40:40 +0000 2024","0","Otak para pejabat2 Konoha terlalu penat disumpal tunjangan jabatan. Guru Gembul bukan Timnas | Kopi Dangdut","1845504942024626299","","","in","","0","0","0","https://x.com/MrXavin/status/1845504942024626299","1165042987707117568","MrXavin"
"1214720450221215744","Sun Oct 13 16:40:37 +0000 2024","0","@CoachJustinL Oohh pantes waktu itu kenceng banget dukung timnas zionist main pildun u20 di indo","1845504927986270467","","CoachJustinL","in","Land Above The Clouds","0","0","0","https://x.com/MubaraBakar/status/1845504927986270467","1589638915991826432","MubaraBakar"
"1845466088794095640","Sun Oct 13 16:40:33 +0000 2024","0","@garagarabola_ Fun Futsal gini gak usah digembar gembor ah biasa aja kali. Lain kali cari lawan yg serius yg selevel dengan Timnas Indo jgn anak2 futsal paud malah diajak maen ya jelas dibantai ","1845504910454149546","","garagarabola_","in","Kota Batam, Kepulauan Riau","0","0","0","https://x.com/gadit46/status/1845504910454149546","233404163","gadit46"
"1845287793901306158","Sun Oct 13 16:40:25 +0000 2024","0","@unmagnetism Atur ajah un yang penting timnas gue menang.","1845504876983574605","","unmagnetism","in","","0","0","0","https://x.com/Wawansaganja/status/1845504876983574605","1605252830905872384","Wawansaganja"
"1845026097676566773","Sun Oct 13 16:40:17 +0000 2024","0","@FarisSF97 Hellooo.. Timnas gunanya apa sih? Bisa gk ngerubah hidup kita? Yang bisa jawab plis jawab","1845504843550748787","","FarisSF97","in","Jakarta Pusat, DKI Jakarta","0","0","0","https://x.com/IrfanMasnur03/status/1845504843550748787","1817897286959259648","IrfanMasnur03"
"1845462395621343675","Sun Oct 13 16:39:28 +0000 2024","1","@gaung_AJ @zenrs Maklum fan timnas sekarang udah kelewat fanatik buta","1845504638709272990","","gaung_AJ","in","Tambaksari, Indonesia","0","0","0","https://x.com/fredyjuniartz/status/1845504638709272990","1675522357","fredyjuniartz"
"1845504566781206746","Sun Oct 13 16:39:11 +0000 2024","196","Guru gembul panas ready nurul timnas #vcsbugil https://t.co/7Xz2Hi7HKD","1845504566781206746","https://pbs.twimg.com/ext_tw_video_thumb/1845504540675833857/pu/img/HnuQDj3SjZvC7bfj.jpg","","in","","0","13","83","https://x.com/Tzhunderous/status/1845504566781206746","1832375257929510912","Tzhunderous"
"1845474119590305811","Sun Oct 13 16:39:10 +0000 2024","0","@aingriwehuy wkwk tapi kalo ngomongin ganteng emang paling ganteng di timnas tuh shayne matanya dia tuh kek berbinar gitu loh ","1845504564063264798","","aingriwehuy","in","Indonesia","0","0","1","https://x.com/solremifai/status/1845504564063264798","1273082968064397312","solremifai"
"1845335559218266265","Sun Oct 13 16:39:01 +0000 2024","0","@ZoneVenomWar EFEK paling berasa itu di UMKM tiap timnas main ada nobar dimana-mana. Uang berputar dimasyarakat mulai dari kelas bawah. Kang somay kang bakso kang es teh kang air mineral laku keras. Belum lagi warkop2 belum lagi ojol yang dpat penumpang dari tempat nobar.","1845504526381711558","","ZoneVenomWar","in","Kota Medan, Sumatera Utara","0","0","0","https://x.com/roni_tampoe/status/1845504526381711558","1096392611827306496","roni_tampoe"
"1845322327195853199","Sun Oct 13 16:38:46 +0000 2024","0","@Jus10Hendricks @kontolisation @MuhadklyAcho @hasyimmah Waduh parah x logikamu yg katanya kelompok org cerdas ya. Gini biar kukasih paham ya. Oke twit si Acho itu bukan ttg timnas. Oke dia ga tau timnas main. Nah setelah twit tsb muncul fans¬≤ bola pd byk tersinggung krn merasa twit tsb sangat tdk etis sbg org Indonesia yg timnas","1845504462179475934","","Jus10Hendricks","in","Riau, Indonesia","0","1","0","https://x.com/pahala10sitorus/status/1845504462179475934","98857589","pahala10sitorus"
"1845444503186047472","Sun Oct 13 16:38:34 +0000 2024","0","@__anaksoleh @utdfocusid Nanti kena denda lg AFC itu sensi bgt mending gak usah fokus support timnas aja","1845504411046662410","","__anaksoleh","in","","0","0","0","https://x.com/lotuzoe13/status/1845504411046662410","1686088140396847110","lotuzoe13"
"1844903776832061891","Sun Oct 13 16:38:29 +0000 2024","0","@fazeprhe @CoachJustinL Cuman masalah sepakbola semua orang yang ga punya medsos semua umur semua gender pasti nitice terkait dengan yg terjadi di timnas","1845504390242922891","","taufiknurwahid_","in","Kota Bandung, Jawa Barat","0","0","0","https://x.com/taufiknurwahid_/status/1845504390242922891","1826123729816137729","taufiknurwahid_"
"1845132801084956837","Sun Oct 13 16:38:26 +0000 2024","0","@nocontextfooty jirr timnas era kegelapan","1845504378566017319","","nocontextfooty","in","","0","0","0","https://x.com/sietateatah/status/1845504378566017319","1501605485254168576","sietateatah"
"1845474119590305811","Sun Oct 13 16:38:13 +0000 2024","0","@aingriwehuy Timnas isinya visual semua woyyy","1845504326154019298","","aingriwehuy","in","","0","0","0","https://x.com/dstanggrek/status/1845504326154019298","1200395627563143168","dstanggrek"
"1845504293413232819","Sun Oct 13 16:38:06 +0000 2024","0","gilakk dri kamis malem smpk jumat pagi gua nangisin timnas di curangin trs jumat nangisin ilichill sm seunghan balik hri ini nangisin seunghan out. KEK BISA GAA STOP DLU JIR?? mata gua dh bengkak bgt buat melek berat bgt mana sesek bgt klo nangis","1845504293413232819","","","in","always nct‚ô°","0","0","0","https://x.com/ilyubcod/status/1845504293413232819","1331438700828397570","ilyubcod"
"1845498231029125585","Sun Oct 13 16:20:57 +0000 2024","0","@duffywoofie Wkwk ngakak striker timnas u-21","1845499979957518831","","duffywoofie","in","Jakzel","0","0","0","https://x.com/biuctiful/status/1845499979957518831","1582267035815661569","biuctiful"
"1845026097676566773","Sun Oct 13 16:20:52 +0000 2024","0","@phyritsand @notyoursenpaai @er3ndar @FarisSF97 Mentok udah alesannya gitu sama aja kaya yg lain tolol bgt anjg .ini kan buat orang yg ga marah dicurangin fufufafa eh kontol lu yg nyangkut pautin sama timnas","1845499958369378573","","phyritsand","in","","0","1","0","https://x.com/MangekuZ/status/1845499958369378573","1709972740286058496","MangekuZ"
"1845462395621343675","Sun Oct 13 16:20:49 +0000 2024","0","@liskiataumi @faz_hrp @zenrs saya bukan orang bandung dan saya gasuka timnas. sakgenahku","1845499947564843094","","liskiataumi","in","0296BC - Blora, Central Java ","0","0","0","https://x.com/nvnpras/status/1845499947564843094","1333186648595599361","nvnpras"
"1845080590770634892","Sun Oct 13 16:20:48 +0000 2024","0","@niwseir Kami sedih tentang kanjuruhan pusing liat match fixing tapi kami bisa apa selain berdoa? turun ke jalan? Demo? Yakin kekuatan kami bisa membantu? Lalu apa kami tidak boleh bahagia menikmati timnas Indonesia kami di tengah negara kacau ini?????","1845499943295082520","","niwseir","in","Cirebon Barat, Indonesia","0","1","0","https://x.com/officialSurya58/status/1845499943295082520","748473612080812032","officialSurya58"
"1845499916812231045","Sun Oct 13 16:20:42 +0000 2024","0","Situasi di Lebanon Israel Gaza dan Suriah Semakin Memburuk Bagi Warga Sipil Tag: #carameminumramunejkt46 #AcehUMKM #vcsbugill #KebijakanPresidenTerpilih #TimnasDay PSSI Mizuki Berani Tolol Bahrain Adel Timnas https://t.co/XB2tGm7vJC","1845499916812231045","","","in","","0","0","0","https://x.com/man_avip/status/1845499916812231045","1625363195954331648","man_avip"
"1845146264511578604","Sun Oct 13 16:20:39 +0000 2024","0","@MardaniJgMw @StefanusSumars1 tolol lo kalo mau ngehina mulyono fufufafa terserah ga ada kaitanya ma timnas .Lo kontol cuma marah gara pssi di bawah ET ET orangnya jokowi. . Bedain mama politik mana politik praktis","1845499904703201718","","MardaniJgMw","in","","0","0","0","https://x.com/OctaRolando/status/1845499904703201718","1588936640428670976","OctaRolando"
"1844326095702892819","Sun Oct 13 16:20:32 +0000 2024","1","@TimnasIndonesia Mees hilgers di timnas Indonesia vs Bahrain https://t.co/0Q7XgMPweL","1845499876651704543","https://pbs.twimg.com/media/GZyIWyzbYAA9wFK.jpg","miukufrend","in","indonesia ","0","0","0","https://x.com/miukufrend/status/1845499876651704543","4130598552","miukufrend"
"1845499845844586699","Sun Oct 13 16:20:25 +0000 2024","0","ini beneran bejirrrr waktu aff 2010 my umi beli jaket timnas yg kw 1 lusin buat dibagiin sama orang bengkel. beli jaketnya itu nitip tetangga yg sering belanja buat kreditan ke cideng/tn. abang. ini baru sekelas aff apalagi kalo sampe beneran lolos pildun.","1845499845844586699","","","in","pertigaan belok kiri","0","0","0","https://x.com/sazfikar/status/1845499845844586699","1132053133520019457","sazfikar"
"1845499839741891048","Sun Oct 13 16:20:24 +0000 2024","0","Situasi di Lebanon Israel Gaza dan Suriah Semakin Memburuk Bagi Warga Sipil Tag: #carameminumramunejkt46 #AcehUMKM #vcsbugill #KebijakanPresidenTerpilih #TimnasDay PSSI Mizuki Berani Tolol Bahrain Adel Timnas https://t.co/8Z3MJYXpcB","1845499839741891048","","","in","","0","0","0","https://x.com/avip_bluesman/status/1845499839741891048","1485183773377720329","avip_bluesman"
"1845498231029125585","Sun Oct 13 16:20:20 +0000 2024","0","@biuctiful Ah kukira Raven striker timnas U-21 wkwk masi ada kelanjutannya ya ternyata kukira udh kelar","1845499823094731212","","biuctiful","in","","0","1","0","https://x.com/duffywoofie/status/1845499823094731212","1801924471017865216","duffywoofie"
"1845499809450561629","Sun Oct 13 16:20:16 +0000 2024","0","mungkin div1 ga make stadion utama gbk karna udah tau duluan timnas mau main tapi tetap pengen di gbk karna tempatnya oke akhirnya pilih madya","1845499809450561629","","","in","ùó¶ùóßùóîùó¨ ùóºùóªùóπùòÜ","0","1","0","https://x.com/overorizon/status/1845499809450561629","1391289477448933379","overorizon"
"1845008557562794196","Sun Oct 13 16:20:14 +0000 2024","0","@GegeQwe123 @idextratime @strootsys Bagusnya masih di timnas doang sih ke kompetisi lokal pmbinaan dll masih blm ada pningkatan.","1845499799942119576","","GegeQwe123","in","","0","0","0","https://x.com/EvansDW_69/status/1845499799942119576","1508817826962087942","EvansDW_69"
"1845499573621723410","Sun Oct 13 16:19:20 +0000 2024","0","Kenapa ini masalah tambah besar daah masing-masing punya preference mau ngapain mau ngetweet apa. Pun dia gasuka timnas misalnya yaudaaah. Masa asumsi pribadi terus menyalahkan orang lain. Aneeh daah","1845499573621723410","","","in","Indonesia","0","0","0","https://x.com/linggabuanaaaa/status/1845499573621723410","287951367","linggabuanaaaa"
"1845499573340651714","Sun Oct 13 16:19:20 +0000 2024","1","TANTE TOBRUT BAJU DINAS! https://t.co/p2WwzCzA1W https://t.co/h6DCxbPlmI https://t.co/Hy7x1hg1QE https://t.co/poc3NJPDxS https://t.co/1cxJ7c0unc https://t.co/JbSrOL3VYK #vcsbugill Guru Gembul Panas Timnas Malam Besok Senin Tidur Rebahan One Piece #viralvideo","1845499573340651714","","","in","Bali","0","1","0","https://x.com/doodsrogue/status/1845499573340651714","1615195231137431552","doodsrogue"
"1845499569611903333","Sun Oct 13 16:19:19 +0000 2024","0","Kata-kata Evan Soumilena Usai Timnas Futsal Indonesia Bantai Malaysia: Pemain andalan Timnas Futsal Indonesia Evan Soumilena bersyukur meski kurang puas dengan permainan timnya saat membantai Malaysia 6-0 Minggu (13/10). https://t.co/jG37Xy7xN8 https://t.co/cvLVhQEqcG","1845499569611903333","https://pbs.twimg.com/media/GZyIFEybwAAVyQP.jpg","","in","","0","0","0","https://x.com/ddhype_com/status/1845499569611903333","1059617032029667328","ddhype_com"
"1845499517388685439","Sun Oct 13 16:19:07 +0000 2024","0","Petik Hasil Positif Lawan Qatar U-17 Nova Arianto Lihat Pemain Timnas Indonesia U-17 Makin Percaya Diri https://t.co/mzAh8xbWEM","1845499517388685439","","","in","Jakarta","0","0","0","https://x.com/okezonenews/status/1845499517388685439","47274731","okezonenews"
"1845026097676566773","Sun Oct 13 16:18:59 +0000 2024","0","@qih____ @FarisSF97 wkwkwk org2 kek lo ni kalo ga ngericuh ga senang kali ya?dikira fans timnas pendukung 02 smua apa?gw yang benci mulyono aja bisa bedain mana pas saat bicara politik mana tidak.jgn lgi dikira gw buzzer 02.","1845499482764660991","","qih____","in","Kota Batam, Kepulauan Riau","0","0","0","https://x.com/xender127/status/1845499482764660991","1179770314797961216","xender127"
"1845499468919247040","Sun Oct 13 16:18:55 +0000 2024","0","sekarang kalo dukung timnas selain disangka pendukung rezim juga disangka adem ayem ga peduli sama tragedi kanjuruhan","1845499468919247040","","","in","Tangerang, Indonesia","0","0","0","https://x.com/_anggotadewan/status/1845499468919247040","1279851193670365184","_anggotadewan"
